"title","level","service","category","description","id"
"MSI Install","informational","application","","Windows Installer installed software via an MSI file.
%Data[1]%: Product Name
%Data[2]%: Product Version
%Data[3]%: Product Language in LCID format. (Ex: 1033 for English)
%Data[4]%: Installation status code. 0 means success.
%Data[5]%: Vendor
%Data[6]%: Not sure.
Binary: Not sure how to decode.
","ef118d4d-ef83-40a7-bb27-2bb3945473ee"
"Microsoft Malware Protection Engine Crash - WER","high","application","","This rule detects a suspicious crash of the Microsoft Malware Protection Engine","ea429061-e3b4-fabd-8bd6-cb98772aeeba"
"Suspicious Usage of CVE_2021_34484 or CVE 2022_21919","low","application","","During exploitation of this vulnerability, two logs (Provider_Name:Microsoft-Windows-User Profiles Service) with EventID 1511 and 1515 (maybe lot of false positives with this event) are created. Moreover, it appears the directory \Users\TEMP is created may be created during the exploitation. Viewed on 2008 Server","17e91768-3a0f-6d5f-bc0d-7f2d22391909"
"CVE-2020-0688 Exploitation via Eventlog","high","application","","Detects the exploitation of Microsoft Exchange vulnerability as described in CVE-2020-0688","b1a2ae27-889c-aa26-1bd3-21f277008048"
"CVE-2024-49113 Exploitation Attempt - LDAP Nightmare","high","application","","Detects exploitation attempt of CVE-2024-49113 known as LDAP Nightmare, based on ""Application Error"" log where the faulting application is ""lsass.exe"" and the faulting module is ""WLDAP32.dll"".
","1117f6c7-1c68-9c6e-c3e8-191e9d687387"
"MSMQ Corrupted Packet Encountered","high","application","","Detects corrupted packets sent to the MSMQ service. Could potentially be a sign of CVE-2023-21554 exploitation","0bcc2c11-231f-f491-7985-3571fee7f2c5"
"CVE-2023-40477 Potential Exploitation - WinRAR Application Crash","medium","application","","Detects a crash of ""WinRAR.exe"" where the version is lower than 6.23. This could indicate potential exploitation of CVE-2023-40477","f33feae7-db95-01a2-c35f-a6361e690ebb"
"LPE InstallerFileTakeOver PoC CVE-2021-41379","high","application","","Detects PoC tool used to exploit LPE vulnerability CVE-2021-41379","8e38887f-8e20-477d-26c1-0862951ae91b"
"MSSQL Extended Stored Procedure Backdoor Maggie","high","application","","This rule detects the execution of the extended storage procedure backdoor named Maggie in the context of Microsoft SQL server","e177969a-73cc-a32c-b948-cb580287057a"
"MSSQL Server Failed Logon","low","application","","Detects failed logon attempts from clients to MSSQL server.","03e217c6-de25-3afa-3833-6c534a6576f0"
"MSSQL XPCmdshell Suspicious Execution","high","application","","Detects when the MSSQL ""xp_cmdshell"" stored procedure is used to execute commands","bc1445fe-1749-b913-f147-64575e1d9ac1"
"MSSQL Server Failed Logon From External Network","medium","application","","Detects failed logon attempts from clients with external network IP to an MSSQL server. This can be a sign of a bruteforce attack.","2aec0e1c-e7f6-3837-d7f2-ee1c5cac7032"
"MSSQL XPCmdshell Option Change","high","application","","Detects when the MSSQL ""xp_cmdshell"" stored procedure setting is changed.
","11635209-eef1-b93a-98bf-33b80e5065a1"
"MSSQL Add Account To Sysadmin Role","high","application","","Detects when an attacker tries to backdoor the MSSQL server by adding a backdoor account to the sysadmin fixed server role","d17d99ad-18e9-67e1-6163-054f210fee16"
"MSSQL Disable Audit Settings","high","application","","Detects when an attacker calls the ""ALTER SERVER AUDIT"" or ""DROP SERVER AUDIT"" transaction in order to delete or disable audit logs on the server","e485c12e-8840-1b24-61f7-697e480d63b1"
"MSSQL SPProcoption Set","high","application","","Detects when the a stored procedure is set or cleared for automatic execution in MSSQL. A stored procedure that is set to automatic execution runs every time an instance of SQL Server is started","824a7eb7-81e3-6b27-2ede-6fd2d58348b4"
"Potential Credential Dumping Via WER - Application","high","application","","Detects Windows error reporting event where the process that crashed is lsass. This could be the cause of an intentional crash by techniques such as Lsass-Shtinkering to dump credential","fcc29ed2-c7fa-1b44-6db4-de352c7cf1b8"
"Microsoft Malware Protection Engine Crash","high","application","","This rule detects a suspicious crash of the Microsoft Malware Protection Engine","24cdd840-5da1-6c12-5b58-4da49cc4b11a"
"Remote Access Tool - ScreenConnect Command Execution","low","application","","Detects command execution via ScreenConnect RMM","8df2af03-bf29-1ee2-5e6e-476326c561d7"
"Remote Access Tool - ScreenConnect File Transfer","low","application","","Detects file being transferred via ScreenConnect RMM","98bb59e9-ce78-f18f-8355-8a6750afb314"
"Restricted Software Access By SRP","high","application","","Detects restricted access to applications by the Software Restriction Policies (SRP) policy","2ebb1619-89c0-1a11-2b58-53ef8c2cb863"
"Relevant Anti-Virus Signature Keywords In Application Log","high","application","","Detects potentially highly relevant antivirus events in the application log based on known virus signature names and malware keywords.
","b0f698cd-af36-2a37-ce9f-2ab614a8b808"
"Backup Catalog Deleted","medium","application","","Detects backup catalog deletions","9abb29b7-6fca-9563-2f87-11926d64e17d"
"Atera Agent Installation","high","application","","Detects successful installation of Atera Remote Monitoring & Management (RMM) agent as recently found to be used by Conti operators","655bf214-78ac-5d4f-27ac-4e0ede9b68a5"
"Application Uninstalled","low","application","","An application has been removed. Check if it is critical.","33c276a1-2475-2f1f-aa3d-ec5d61dbe94c"
"MSI Installation From Web","medium","application","","Detects installation of a remote msi file from web.","1af7877b-8512-f49c-c11e-a048888c68fa"
"MSI Installation From Suspicious Locations","medium","application","","Detects MSI package installation from suspicious locations","96acd930-342e-66ca-9855-1285ba8a40ed"
"Ntdsutil Abuse","medium","application","","Detects potential abuse of ntdsutil to dump ntds.dit database","b8d0d560-906d-670f-cd10-32ed9179f21a"
"Dump Ntds.dit To Suspicious Location","medium","application","","Detects potential abuse of ntdsutil to dump ntds.dit database to a suspicious location","a050e701-373d-fc52-c345-8fbf933e1b82"
"Audit CVE Event","critical","application","","Detects events generated by user-mode applications when they call the CveEventWrite API when a known vulnerability is trying to be exploited.
MS started using this log in Jan. 2020 with CVE-2020-0601 (a Windows CryptoAPI vulnerability.
Unfortunately, that is about the only instance of CVEs being written to this log.
","f1c99d55-8f38-1ae5-19b6-71d4124f4c46"
"File Was Not Allowed To Run","medium","applocker","","Detect run not allowed files. Applocker is a very useful tool, especially on servers where unprivileged users have access. For example terminal servers. You need configure applocker and log collect to receive these events.","da0e47f5-493f-9da4-b041-8eb762761118"
"Bits Job Created","informational","bits-client","","Adversaries may abuse BITS jobs to persistently execute or clean up after malicious payloads.","18e6fa4a-353d-42b6-975c-bb05dbf4a004"
"BITS Transfer Job Downloading File Potential Suspicious Extension","medium","bits-client","","Detects new BITS transfer job saving local files with potential suspicious extensions","b37c7d8f-22b8-a92d-1d1c-593de0fa759e"
"BITS Transfer Job With Uncommon Or Suspicious Remote TLD","medium","bits-client","","Detects a suspicious download using the BITS client from a FQDN that is unusual. Adversaries may abuse BITS jobs to persistently execute or clean up after malicious payloads.","8a389ad3-d0c7-ef8c-1fb3-5bb7e31bcf7f"
"BITS Transfer Job Download To Potential Suspicious Folder","high","bits-client","","Detects new BITS transfer job where the LocalName/Saved file is stored in a potentially suspicious location","26844668-ef48-7a97-5687-9533e59288b7"
"BITS Transfer Job Download From Direct IP","high","bits-client","","Detects a BITS transfer job downloading file(s) from a direct IP address.","5e8a986a-7579-0482-f86e-ad63f6341cd1"
"New BITS Job Created Via Bitsadmin","low","bits-client","","Detects the creation of a new bits job by Bitsadmin","f72c1543-44f6-f836-c0da-9bab33600dac"
"BITS Transfer Job Download From File Sharing Domains","high","bits-client","","Detects BITS transfer job downloading files from a file sharing domain.","4f9e9e60-c580-dd4e-4f06-42a016217d0e"
"New BITS Job Created Via PowerShell","low","bits-client","","Detects the creation of a new bits job by PowerShell","23d76ee6-e5fc-fb90-961a-4b412b97cc94"
"CodeIntegrity - Blocked Image Load With Revoked Certificate","high","codeintegrity-operational","","Detects blocked image load events with revoked certificates by code integrity.","6f9f7b5c-f44b-fe0a-bcb2-ff4a09bd4ccf"
"CodeIntegrity - Unsigned Kernel Module Loaded","high","codeintegrity-operational","","Detects the presence of a loaded unsigned kernel module on the system.","23f17a2b-73ca-e465-e823-bb1d47543f6d"
"CodeIntegrity - Blocked Driver Load With Revoked Certificate","high","codeintegrity-operational","","Detects blocked load attempts of revoked drivers","3838c754-9c4c-f500-6c7d-4c73b29717a9"
"CodeIntegrity - Unmet Signing Level Requirements By File Under Validation","low","codeintegrity-operational","","Detects attempted file load events that did not meet the signing level requirements. It often means the file's signature is revoked or a signature with the Lifetime Signing EKU has expired.
This event is best correlated with EID 3089 to determine the error of the validation.
","f45ca591-7575-818e-9a07-7493461a33c3"
"CodeIntegrity - Unmet WHQL Requirements For Loaded Kernel Module","high","codeintegrity-operational","","Detects loaded kernel modules that did not meet the WHQL signing requirements.","b1f60092-6ced-8775-b5dd-ac15a042e292"
"CodeIntegrity - Unsigned Image Loaded","high","codeintegrity-operational","","Detects loaded unsigned image on the system","d6ea0e4a-9918-a082-1c5d-bd5d2a4f0b76"
"CodeIntegrity - Blocked Image/Driver Load For Policy Violation","high","codeintegrity-operational","","Detects blocked load events that did not meet the authenticode signing level requirements or violated the code integrity policy.","a4736e84-f507-2e6b-bc7a-573328447cbf"
"CodeIntegrity - Disallowed File For Protected Processes Has Been Blocked","high","codeintegrity-operational","","Detects block events for files that are disallowed by code integrity for protected processes","c2644e00-b2a8-1e98-7dfc-bbef3a929767"
"CodeIntegrity - Revoked Image Loaded","high","codeintegrity-operational","","Detects image load events with revoked certificates by code integrity.","4d4c3fb7-504c-7089-2bb3-26781191b7eb"
"CodeIntegrity - Revoked Kernel Driver Loaded","high","codeintegrity-operational","","Detects the load of a revoked kernel driver","4764bb53-3383-ae11-5351-b67f0001d2a5"
"Loading Diagcab Package From Remote Path","high","diagnosis-scripted","","Detects loading of diagcab packages from a remote path, as seen in DogWalk vulnerability","b0e8486c-73f6-e1ba-9684-acba841c2719"
"USB Plugged In","informational","driver-framework","","","b39b18a5-cece-4e7d-a438-827d0b0e8a82"
"USB Device Plugged","low","driver-framework","","Detects plugged/unplugged USB devices","12717514-9380-dabc-12b9-113f524ec3ac"
"New Firewall Rule Added In Windows Firewall Exception List For Potential Suspicious Application","high","firewall-as","","Detects the addition of a new rule to the Windows Firewall exception list for an application located in a potentially suspicious location.","bf17c34a-7b9d-65a8-a143-afa9c13e1fe4"
"The Windows Defender Firewall Service Failed To Load Group Policy","low","firewall-as","","Detects activity when The Windows Defender Firewall service failed to load Group Policy","33a69619-460b-90f5-19b1-2f34036caf0a"
"All Rules Have Been Deleted From The Windows Firewall Configuration","high","firewall-as","","Detects when a all the rules have been deleted from the Windows Defender Firewall configuration","3623c339-f1c5-67f2-a5a2-ddb078d75f69"
"Windows Firewall Settings Have Been Changed","low","firewall-as","","Detects activity when the settings of the Windows firewall have been changed","a0062bfc-2eba-05df-e231-f4a44b1317ab"
"Uncommon New Firewall Rule Added In Windows Firewall Exception List","medium","firewall-as","","Detects when a rule has been added to the Windows Firewall exception list","a1dbd390-a4c5-755a-1b1f-a76aabbecbbc"
"New Firewall Rule Added In Windows Firewall Exception List Via WmiPrvSE.EXE","medium","firewall-as","","Detects the addition of a new ""Allow"" firewall rule by the WMI process (WmiPrvSE.EXE).
This can occur if an attacker leverages PowerShell cmdlets such as ""New-NetFirewallRule"", or directly uses WMI CIM classes such as ""MSFT_NetFirewallRule"".
","ac6e5dab-06d1-5064-a91c-0eb6246d22bd"
"Windows Defender Firewall Has Been Reset To Its Default Configuration","low","firewall-as","","Detects activity when Windows Defender Firewall has been reset to its default configuration","e2592615-38d5-5099-c59f-83ab34a11d9a"
"A Rule Has Been Deleted From The Windows Firewall Exception List","medium","firewall-as","","Detects when a single rules or all of the rules have been deleted from the Windows Defender Firewall","55827aab-4062-032f-35e7-2406dc57c35e"
"Firewall Rule Modified In The Windows Firewall Exception List","low","firewall-as","","Detects when a rule has been modified in the Windows firewall exception list","5d551ac6-b825-b536-7ec6-75339fc57a25"
"Loading Diagcab Package From Remote Path","high","diagnosis-scripted","","Detects loading of diagcab packages from a remote path, as seen in DogWalk vulnerability","b0e8486c-73f6-e1ba-9684-acba841c2719"
"PwSh Engine Started","informational","powershell-classic","ps_classic_start","Engine state is changed from None to Available.","ac2ae63b-83e6-4d06-aeaf-07409bda92c9"
"PwSh 2.0 Downgrade Attack","medium","powershell-classic","ps_classic_start","An attacker may have started Powershell 2.0 to evade detection.","bc082394-73e6-4d00-a9af-e7b524ef5085"
"Potential Malicious AppX Package Installation Attempts","medium","appxdeployment-server","","Detects potential installation or installation attempts of known malicious appx packages","8f46b318-b8a3-d268-911f-318d0b43c0f9"
"bXOR Operator Usage In PowerShell Command Line - PowerShell Classic","low","","ps_classic_start","Detects powershell execution with that make use of to the bxor (Bitwise XOR).
Attackers might use as an alternative obfuscation method to Base64 encoded commands.
Investigate the CommandLine and process tree to determine if the activity is malicious.
","8427e501-af53-a1ba-41a5-0b2d83e199fb"
"Uncommon PowerShell Hosts","medium","","ps_classic_start","Detects alternate PowerShell hosts potentially bypassing detections looking for powershell.exe","315f165d-92fd-170d-d80b-0f16f9cf5384"
"PowerShell Called from an Executable Version Mismatch","high","","ps_classic_start","Detects PowerShell called from an executable by the version mismatch method","b8c409c0-bd7a-5c05-0bae-56f88fe7b78d"
"Suspicious PowerShell Download","medium","","ps_classic_start","Detects suspicious PowerShell download command","d938bbb0-a745-c4fc-ce0d-eb5a006e6757"
"Nslookup PowerShell Download Cradle","medium","","ps_classic_start","Detects a powershell download cradle using nslookup. This cradle uses nslookup to extract payloads from DNS records.","11151659-80c2-7657-d058-2a07c5662662"
"Delete Volume Shadow Copies Via WMI With PowerShell","high","","ps_classic_start","Shadow Copies deletion using operating systems utilities via PowerShell","970cb6bc-a1b8-c7da-f658-ea96f2045162"
"Netcat The Powershell Version","medium","","ps_classic_start","Adversaries may use a non-application layer protocol for communication between host and C2 server or among infected hosts within a network","cc575689-20fe-0dda-ed3b-93e52d0d8ef1"
"Renamed Powershell Under Powershell Channel","low","","ps_classic_start","Detects a renamed Powershell execution, which is a common technique used to circumvent security controls and bypass detection logic that's dependent on process names and process paths.
","b1868902-0d34-3392-8d98-99c0919a01d4"
"Remote PowerShell Session (PS Classic)","low","","ps_classic_start","Detects remote PowerShell sessions","d79eda57-503a-274d-fab8-0d26ff047015"
"PowerShell Downgrade Attack - PowerShell","medium","","ps_classic_start","Detects PowerShell downgrade attack by comparing the host versions with the actually used engine version 2.0","05ab81d4-8539-cffc-89f9-e470468bb28c"
"Use Get-NetTCPConnection","low","","ps_classic_start","Adversaries may attempt to get a listing of network connections to or from the compromised system they are currently accessing or from remote systems by querying for information over the network.","19bee8fa-b4db-79ab-2c60-ea8ae4875dcc"
"Possible CVE-2021-1675 Print Spooler Exploitation","high","printservice-admin","","Detects events of driver load errors in print service logs that could be a sign of successful exploitation attempts of print spooler vulnerability CVE-2021-1675","5c10c39e-b9f6-d321-3598-62095b34b663"
"CVE-2021-1675 Print Spooler Exploitation","critical","printservice-operational","","Detects driver load events print service operational log that are a sign of successful exploitation attempts against print spooler vulnerability CVE-2021-1675","ae207e8e-3dfd-bd05-1161-e0472778f2be"
"NTLM Auth","informational","security","","Logged when NTLM authentication is used usually for local accounts but NTLM can also be used with domain accounts. The original event title says it is only generated on domain controllers but that is not true. This also gets logged on clients.","4fbe94b0-577a-4f77-9b13-250e27d440fa"
"Valid Users Failing to Authenticate from Single Source Using NTLM","medium","security","","Detects failed logins with multiple valid domain accounts from a single source system using the NTLM protocol.","ddbbe639-21f9-7b39-ae7d-821e490d6130"
"Failed NTLM Logins with Different Accounts from Single Source System","medium","security","","Detects suspicious failed logins with different user accounts from a single source system","203aaec0-5613-4fdc-42b3-a021d6f853dc"
"Invalid Users Failing To Authenticate From Single Source Using NTLM","medium","security","","Detects failed logins with multiple invalid domain accounts from a single source system using the NTLM protocol.","bbd02091-a432-94b3-8041-9f776b681fc2"
"Hacktool Ruler","high","security","","This events that are generated when using the hacktool Ruler by Sensepost","8b40829b-4556-9bec-a8ad-905688497639"
"Account Tampering - Suspicious Failed Logon Reasons","medium","security","","This method uses uncommon error codes on failed logons to determine suspicious activity and tampering with accounts that have been disabled or somehow restricted.","655eb351-553b-501f-186e-aa9af13ecf43"
"Metasploit SMB Authentication","high","security","","Alerts on Metasploit host's authentications on the domain.","827aa6c1-1507-3f0a-385a-ade5251bfd71"
"Possible AS-REP Roasting (RC4 Kerberos Ticket Req)","medium","security","","For each account found without preauthentication, an adversary may send an AS-REQ message without the encrypted timestamp and receive an AS-REP message with TGT data which may be encrypted with an insecure algorithm such as RC4.","dee2a01e-5d7c-45b4-aec3-ad9722f2165a"
"Kerberos TGT Requested","informational","security","","Prints logon information.","d9f336ea-bb16-4a35-8a9c-183216b8d59c"
"Disabled Users Failing To Authenticate From Source Using Kerberos","medium","security","","Detects failed logins with multiple disabled domain accounts from a single source system using the Kerberos protocol.","c6c2c3e3-44ee-516c-9e48-63b304511787"
"Invalid Users Failing To Authenticate From Source Using Kerberos","medium","security","","Detects failed logins with multiple invalid domain accounts from a single source system using the Kerberos protocol.","74eaa0ee-05a7-86a5-a7a8-076952aa764d"
"Valid Users Failing to Authenticate From Single Source Using Kerberos","medium","security","","Detects multiple failed logins with multiple valid domain accounts from a single source system using the Kerberos protocol.","32ce2d24-3d1c-2f81-cddb-d64b33fe9247"
"PetitPotam Suspicious Kerberos TGT Request","high","security","","Detect suspicious Kerberos TGT requests.
Once an attacer obtains a computer certificate by abusing Active Directory Certificate Services in combination with PetitPotam, the next step would be to leverage the certificate for malicious purposes.
One way of doing this is to request a Kerberos Ticket Granting Ticket using a tool like Rubeus.
This request will generate a 4768 event with some unusual fields depending on the environment.
This analytic will require tuning, we recommend filtering Account_Name to the Domain Controller computer accounts.
","cd01c787-aad1-bbed-5842-aa8e58410aad"
"Kerberos Manipulation","high","security","","Detects failed Kerberos TGT issue operation. This can be a sign of manipulations of TGT messages by an attacker.","978525c2-97aa-f0e4-8c11-3cf81ea3379b"
"Possible Kerberoasting (RC4 Kerberos Ticket Req)","medium","security","","Adversaries may abuse a valid Kerberos ticket-granting ticket (TGT) or sniff network traffic to obtain a ticket-granting service (TGS) ticket that may be vulnerable to Brute Force.","f19849e7-b5ba-404b-a731-9b624d7f6d19"
"Kerberos Service Ticket Requested","informational","security","","Prints logon information.","da6257f3-cf49-464a-96fc-c84a7ce20636"
"Kerberoasting Activity - Initial Query","medium","security","","This rule will collect the data needed to start looking into possible kerberoasting activity.
Further analysis or computation within the query is needed focusing on requests from one specific host/IP towards multiple service names within a time period of 5 seconds.
You can then set a threshold for the number of requests and time between the requests to turn this into an alert.
","4386b4e0-f268-42a6-b91d-e3bb768976d6"
"Kerberos Manipulation","high","security","","Detects failed Kerberos TGT issue operation. This can be a sign of manipulations of TGT messages by an attacker.","978525c2-97aa-f0e4-8c11-3cf81ea3379b"
"Suspicious Kerberos RC4 Ticket Encryption","medium","security","","Detects service ticket requests using RC4 encryption type","2d20edf4-6141-35c5-e54f-3c578082d1d3"
"Computer Account Created","informational","security","","A computer account was created.","42a0a842-2b82-4b2d-8e44-5580fb6c38db"
"Potential Zerologon (CVE-2020-1472) Exploitation","high","security","","Detects potential Netlogon Elevation of Privilege Vulnerability aka Zerologon (CVE-2020-1472)","7d4b25c3-0cef-1638-1d47-bb18acda0e6c"
"Add or Remove Computer from DC","low","security","","Detects the creation or removal of a computer. Can be used to detect attacks such as DCShadow via the creation of a new SPN.","b607775d-e3fe-3fb8-c40e-4e52b3fbe44d"
"User Added To Non-Admin Global Grp","low","security","","User Added To Non-Admin Global Security Group. Only logged on DCs.","2f04e44e-1c79-4343-b4ab-ba670ee10aa0"
"User Added To Global Domain Admins Grp","high","security","","A user was added to the Domain Admins group. Only logged on DCs.","4bb89c86-a138-42a0-baaf-fc2f777a4506"
"User Added To Local Admin Grp","high","security","","A user was added to the local Administrators group. Unfortunately the user name does not get recorded in the log, only the SID, so you need to look up the username via the SID.","611e2e76-a28f-4255-812c-eb8836b2f5bb"
"User Added To Local Domain Admins Grp","high","security","","A user was added to the local Domain Admins group.","bc58e432-959f-464d-812e-d60ce5d46fa1"
"User Added To Global Security Grp","medium","security","","A user was added to a security-enabled global group. Global means the group can be granted access in any trusting domain but may only have members from its own domain. Subject user is the user that performed the action. Only logged on DCs.","0db443ba-561c-4a04-b349-d74ce1c5fc8b"
"Group Modification Logging","low","security","","Configure systems to issue a log entry and alert when an account is added to or removed from any group assigned administrative privileges.
Sigma detects
Event ID 4728 indicates a ""Member is added to a Security Group"".
Event ID 4729 indicates a ""Member is removed from a Security enabled-group"".
Event ID 4730 indicates a ""Security Group is deleted"".
The case is not applicable for Unix OS.
Supported OS - Windows 2008 R2 and 7, Windows 2012 R2 and 8.1, Windows 2016 and 10 Windows Server 2019, Windows Server 2000, Windows 2003 and XP.
","506379d9-8545-c010-e9a3-693119ab9261"
"User Added to Local Administrator Group","medium","security","","Detects the addition of a new member to the local administrator group, which could be legitimate activity or a sign of privilege escalation activity","6695d6a2-9365-ee87-ccdd-966b0e1cdbd4"
"A Security-Enabled Global Group Was Deleted","low","security","","Detects activity when a security-enabled global group is deleted","ae7d8d1c-f75b-d952-e84e-a7981b861590"
"A Member Was Added to a Security-Enabled Global Group","low","security","","Detects activity when a member is added to a security-enabled global group","26767093-828c-2f39-bdd8-d0439e87307c"
"A Member Was Removed From a Security-Enabled Global Group","low","security","","Detects activity when a member is removed from a security-enabled global group","6e0f860b-3678-7396-a4a3-7cf55f7bb01c"
"Operation Wocao Activity - Security","high","security","","Detects activity mentioned in Operation Wocao report","c9b5cb6f-906f-3a15-b77e-1b634b1d4e55"
"Potential Exploitation of CVE-2024-37085 - Suspicious ESX Admins Group Activity","high","security","","Detects any creation or modification to a windows domain group with the name ""ESX Admins"".
This could indicates a potential exploitation attempt of CVE-2024-37085, which allows an attacker to elevate their privileges to full administrative access on an domain-joined ESXi hypervisor.
VMware ESXi hypervisors joined to an Active Directory domain consider any member of a domain group named ""ESX Admins"" to have full administrative access by default.
","2a451b93-9890-5cfe-38aa-1dc4f8f0fe0a"
"Local User Account Created","low","security","","A local user account was created.","13edce80-2b02-4469-8de4-a3e37271dcdb"
"Hidden User Account Created","high","security","","A computer account (an account that ends with a $) was created. These accounts are not displayed by default so will be hidden.","70b8b1bd-c107-4b1a-8b1e-5b0f9f57930a"
"User Password Changed","medium","security","","A user account changed it's own password. Adversaries might change the password to lockout legitimate user or set the password to a known clear text passwort via Pass the Hash if only the password hash is known. This will allow an adversary to access services where Pass the Hash is not an option.","3b3046f3-a51c-4378-b059-c716aaa865b4"
"Password Reset By Admin","medium","security","","A user accounts password was changed by another account. The current password is not required to reset the password. An adversary might change the password of another account to lock out legitimate users or gain access to the account. This could be done if the account controlled by the attacker has permission to change the password, or as a step in attacks like Pass the Cert.","0b78aca4-35f0-4bec-acce-c5743ff26614"
"Hidden Local User Creation","high","security","","Detects the creation of a local hidden user account which should not happen for event ID 4720.","23013005-3d59-4dbe-dabd-d17a54e6c6cf"
"Local User Creation","low","security","","Detects local user creation on Windows servers, which shouldn't happen in an Active Directory environment. Apply this Sigma Use Case on your Windows server logs and not on your DC logs.
","5ecd226b-563f-4723-7a1e-d637d81f0a1f"
"Weak Encryption Enabled and Kerberoast","high","security","","Detects scenario where weak encryption is enabled for a user profile which could be used for hash/password cracking.","2ea71437-cb4d-5a41-2431-1773fce76de8"
"Addition of SID History to Active Directory Object","medium","security","","An attacker can use the SID history attribute to gain additional privileges.","5335aea0-f1b4-e120-08b6-c80fe4bf99ad"
"New or Renamed User Account with '$' Character","medium","security","","Detects the creation of a user with the ""$"" character. This can be used by attackers to hide a user or trick detection systems that lack the parsing mechanisms.
","ec77919c-1169-6640-23e7-91c6f27ddc91"
"Password Change on Directory Service Restore Mode (DSRM) Account","high","security","","Detects potential attempts made to set the Directory Services Restore Mode administrator password.
The Directory Service Restore Mode (DSRM) account is a local administrator account on Domain Controllers.
Attackers may change the password in order to obtain persistence.
","4592ea29-1b0e-0cc3-7735-b7f264c0a5b8"
"Suspicious Windows ANONYMOUS LOGON Local Account Created","high","security","","Detects the creation of suspicious accounts similar to ANONYMOUS LOGON, such as using additional spaces. Created as an covering detection for exclusion of Logon Type 3 from ANONYMOUS LOGON accounts.","e5c627ea-fa27-df99-0573-e47092dc4a98"
"Suspicious Computer Account Name Change CVE-2021-42287","high","security","","Detects the renaming of an existing computer account to a account name that doesn't contain a $ symbol as seen in attacks against CVE-2021-42287","17662114-5bee-2566-359c-68d830193830"
"Potential AD User Enumeration From Non-Machine Account","medium","security","","Detects read access to a domain user from a non-machine account","fe814c5a-505f-a313-7d8c-030187c24e8e"
"WMI Persistence - Security","medium","security","","Detects suspicious WMI event filter and command line event consumer based on WMI and Security Logs.","ec2275df-3a0a-933f-0573-490938cc47ef"
"AD Object WriteDAC Access","critical","security","","Detects WRITE_DAC access to a domain object","09c08048-5eab-303f-dfe3-706a6052b6f9"
"Active Directory Replication from Non Machine Account","critical","security","","Detects potential abuse of Active Directory Replication Service (ADRS) from a non machine account to request credentials.","5c8e2537-5c7f-56d8-de80-1f0746b61067"
"DPAPI Domain Backup Key Extraction","high","security","","Detects tools extracting LSA secret DPAPI domain backup key from Domain Controllers","c42c534d-16ae-877f-0722-6d6914090855"
"Mimikatz DC Sync","high","security","","Detects Mimikatz DC sync security events","daad2203-665f-294c-6d2f-f9272c3214f2"
"Logon Failure (Unknown Reason)","low","security","","Prints logon information.","a85096da-be85-48d7-8ad5-2f957cd74daa"
"Failed Logon - Non-Existent User","medium","security","","Detects a failed logon event due to an incorrect username","b2c74582-0d44-49fe-8faa-014dcdafee62"
"Logon Failure (User Does Not Exist)","low","security","","Prints failed logons","8afa97ce-a217-4f7c-aced-3e320a57756d"
"Logon Failure (Wrong Password)","low","security","","Prints logon information.","e87bd730-df45-4ae9-85de-6c75369c5d29"
"Failed Logon - Incorrect Password","medium","security","","Detects a failed logon event due to a wrong password","5b0b75dc-9190-4047-b9a8-14164cee8a31"
"User Guessing","medium","security","","Search for many 4625 failed logon attempts due to wrong usernames in a short period of time.","4574194d-e7ca-4356-a95c-21b753a1787e"
"PW Guessing","medium","security","","Search for many 4625 wrong password failed logon attempts in a short period of time.","35e8a0fc-60c2-46d7-ba39-aafb15b9854e"
"Multiple Users Remotely Failing To Authenticate From Single Source","medium","security","","Detects a source system failing to authenticate against a remote host with multiple users.","30e70d43-6368-123c-a3c8-d23309a3ff97"
"Multiple Users Failing to Authenticate from Single Process","medium","security","","Detects failed logins with multiple accounts from a single process on the system.","84202b5b-54c1-473b-4568-e10da23b3eb8"
"Failed Logins with Different Accounts from Single Source System","medium","security","","Detects suspicious failed logins with different user accounts from a single source system","428d3964-3241-1ceb-8f93-b31d8490c822"
"Interactive Logon to Server Systems","medium","security","","Detects interactive console logons to Server Systems","7298c707-7564-3229-7c76-ec514847d8c2"
"Potential Pass the Hash Activity","medium","security","","Detects the attack technique pass the hash which is used to move laterally inside the network","35890fd4-9ed3-b244-0eff-91fe61e52f8b"
"Hacktool Ruler","high","security","","This events that are generated when using the hacktool Ruler by Sensepost","8b40829b-4556-9bec-a8ad-905688497639"
"Account Tampering - Suspicious Failed Logon Reasons","medium","security","","This method uses uncommon error codes on failed logons to determine suspicious activity and tampering with accounts that have been disabled or somehow restricted.","655eb351-553b-501f-186e-aa9af13ecf43"
"Metasploit SMB Authentication","high","security","","Alerts on Metasploit host's authentications on the domain.","827aa6c1-1507-3f0a-385a-ade5251bfd71"
"Scanner PoC for CVE-2019-0708 RDP RCE Vuln","high","security","","Detects the use of a scanner by zerosum0x0 that discovers targets vulnerable to  CVE-2019-0708 RDP RCE aka BlueKeep","232ecd79-c09d-1323-8e7e-14322b766855"
"Failed Logon From Public IP","medium","security","","Detects a failed logon attempt from a public IP. A login from a public IP can indicate a misconfigured firewall or network boundary.","6bcac9cb-eeee-9f45-c5c1-0daaf023ac12"
"Logoff (User Initiated)","informational","security","","Prints logon information.","6bad16f1-02c4-4075-b414-3cd16944bc65"
"Logoff","informational","security","","Prints logon information.","7309e070-56b9-408b-a2f4-f1840f8f1ebf"
"Logoff (Noisy)","informational","security","","Prints logon information.","84288799-8b61-4d98-bad0-4043c40cf992"
"User Logoff Event","informational","security","","Detects a user log-off activity. Could be used for example to correlate information during forensic investigations","73f64ce7-a76d-0208-ea75-dd26a09d719b"
"Logon Failure (Unknown Reason)","low","security","","Prints logon information.","a85096da-be85-48d7-8ad5-2f957cd74daa"
"Logon (CachedUnlock) *Creds in memory*","informational","security","","Type 13 logons can be dangerous as the credentials (plaintext or hashed passwords) are stored in memory (lsass process) and can be stolen by tools like mimikatz.","e50e3952-06d9-44a8-ab07-7a41c9801d78"
"Failed Logon - Non-Existent User","medium","security","","Detects a failed logon event due to an incorrect username","b2c74582-0d44-49fe-8faa-014dcdafee62"
"Explicit Logon Attempt (Noisy)","informational","security","","(From ultimatewindowsecurity.com)
This log is generated when
1. A user connects to a server or runs a program locally using alternate credentials.
   For instance a user maps a drive to a server but specifies a different user's credentials or opens a shortcut under RunAs by shift-control-right-clicking on the shortcut,
   selecting Run as..., and then filling in a different user's credentials in the dialog box that appears.  Or a user logs on to a web site using new specific credentials.
2. When a process logs on as a different account such as when the Scheduled Tasks service starts a task as the specified user.
3. With User Account Control enabled, an end user runs a program requiring admin authority.  You will get this event where the process information is consent.exe.
   Unfortunately the Subject does not identify the end user.
4. Logging on interactively to a server with a domain account. (Two 4624 events will also be generated.)
This logon event is unique in that it is logged on the source computer and not the target computer like most other logon events.
Also, it will be logged regardless of the logon being successful or not so consider it an attempt and not necessarily an actual successful logon.
","a5b3ebf0-141a-4264-b2ff-400c0d515fca"
"Logon (Interactive) (Noisy)","informational","security","","This is filtered by default as it is usually system noise.","b1782e40-d247-4de1-86d1-37392cb62e3b"
"Logon (Interactive) *Creds in memory*","informational","security","","Type 2 Interactive logons can be dangerous as the credentials (plaintext or hashed passwords) are stored in memory (lsass process) and can be stolen by tools like mimikatz.","7beb4832-f357-47a4-afd8-803d69a5c85c"
"Logon (Service)","informational","security","","Prints logon type 5 service logons.","408e1304-51d7-4d3e-ab31-afd07192400b"
"Logon (Batch)","informational","security","","Prints logon information","8ad8b25f-6052-4cfd-9a50-717cb514af13"
"Possible Token Impersonation","medium","security","","Tries to detect token impersonation by tools like Cobalt Strike.","46614e82-7926-41f9-85aa-006b98c5c2a3"
"Logon (Service) (Noisy)","informational","security","","System Noise","84e5ff02-5f8f-48c4-a7e9-88aa1fb888f7"
"Logon (CachedRemoteInteractive) *Creds in memory*","informational","security","","Type 12 logons can be dangerous as the credentials (plaintext or hashed passwords) are stored in memory (lsass process) and can be stolen by tools like mimikatz.","f4b46dd3-63d6-4c75-a54c-9f6bd095cd6f"
"Logon (Network) (Noisy)","informational","security","","Outputs system noise","0266af4f-8825-495e-959c-bff801094349"
"Logon Failure (User Does Not Exist)","low","security","","Prints failed logons","8afa97ce-a217-4f7c-aced-3e320a57756d"
"Logon (NetworkCleartext)","informational","security","","Prints logon information. Despite the naming NetworkCleartext, the password is not sent over the network in cleartext. It is usually for IIS Basic Authentication.","7ff51227-6a10-49e6-a58b-b9f4ac32b138"
"Logon (NewCredentials) *Creds in memory*","informational","security","","Type 9 logons can be dangerous as the credentials (plaintext or hashed passwords) are stored in memory (lsass process) and can be stolen by tools like mimikatz.","d80facaa-ca97-47bb-aed2-66362416eb49"
"Logon Failure (Wrong Password)","low","security","","Prints logon information.","e87bd730-df45-4ae9-85de-6c75369c5d29"
"Logon (RemoteInteractive (RDP)) *Creds in memory*","informational","security","","Type 10 logons can be dangerous as the credentials (plaintext or hashed passwords) are stored in memory (lsass process) and can be stolen by tools like mimikatz.","a4e05f05-ff88-48b9-8524-a88c1c32fe19"
"Explicit Logon Attempt","informational","security","","(From ultimatewindowsecurity.com)
This log is generated when
1. A user connects to a server or runs a program locally using alternate credentials.
   For instance a user maps a drive to a server but specifies a different user's credentials or opens a shortcut under RunAs by shift-control-right-clicking on the shortcut,
   selecting Run as..., and then filling in a different user's credentials in the dialog box that appears.  Or a user logs on to a web site using new specific credentials.
2. When a process logs on as a different account such as when the Scheduled Tasks service starts a task as the specified user.
3. With User Account Control enabled, an end user runs a program requiring admin authority.  You will get this event where the process information is consent.exe.
   Unfortunately the Subject does not identify the end user.
4. Logging on interactively to a server with a domain account. (Two 4624 events will also be generated.)
This logon event is unique in that it is logged on the source computer and not the target computer like most other logon events.
Also, it will be logged regardless of the logon being successful or not so consider it an attempt and not necessarily an actual successful logon.
","8c1899fe-493d-4faf-aae1-0853a33a3278"
"NewInteractive Logon (Suspicious Process)","medium","security","","Tries to detect token impersonation by tools like Cobalt Strike.","9e8b6cdb-9991-488b-a7b3-2eec7aa64679"
"Failed Logon - Incorrect Password","medium","security","","Detects a failed logon event due to a wrong password","5b0b75dc-9190-4047-b9a8-14164cee8a31"
"PW Spray","medium","security","","Search for many 4648 explicit credential logon attempts in a short period of time.","ffd622af-d049-449f-af5a-0492fdcc3a58"
"Explicit Logon Attempt (Susp Proc) - Possible Mimikatz PrivEsc","high","security","","Detects explicit credential logons with suspicous processes like powershell and wmic which are often abused by malware like Cobalt Strike or Mimikatz for user impersonation.","7616e857-8e41-4976-bc21-811d122b9fc9"
"Logon (Unlock)","informational","security","","Prints logon information","b61bfa39-48ec-4bdf-9d4e-e7205f49acd2"
"Logon (System) - Bootup","informational","security","","The logon event happens when the computer boots up.","9fa273cc-bcb2-4789-85e3-14ca253ac7f4"
"Failed Logon - Incorrect Password","medium","security","","Detects a failed logon event due to a wrong password","ab1accc0-b6e2-4841-8dfb-5902581392c3"
"User Guessing","medium","security","","Search for many 4625 failed logon attempts due to wrong usernames in a short period of time.","4574194d-e7ca-4356-a95c-21b753a1787e"
"Logon (Network)","informational","security","","Prints logon information","c7b22878-e5d8-4c30-b245-e51fd354359e"
"PW Guessing","medium","security","","Search for many 4625 wrong password failed logon attempts in a short period of time.","35e8a0fc-60c2-46d7-ba39-aafb15b9854e"
"Logon (CachedInteractive) *Creds in memory*","informational","security","","Type 11 Interactive logons can be dangerous as the credentials (plaintext or hashed passwords) are stored in memory (lsass process) and can be stolen by tools like mimikatz.","fbbe9d3f-ed1f-49a9-9446-726e349f5fba"
"Password Spraying via Explicit Credentials","medium","security","","Detects a single user failing to authenticate to multiple users using explicit credentials.","27124590-ab3f-79b8-7dfa-b82820dbb1cc"
"Multiple Users Remotely Failing To Authenticate From Single Source","medium","security","","Detects a source system failing to authenticate against a remote host with multiple users.","30e70d43-6368-123c-a3c8-d23309a3ff97"
"Multiple Users Failing to Authenticate from Single Process","medium","security","","Detects failed logins with multiple accounts from a single process on the system.","84202b5b-54c1-473b-4568-e10da23b3eb8"
"Failed Logins with Different Accounts from Single Source System","medium","security","","Detects suspicious failed logins with different user accounts from a single source system","428d3964-3241-1ceb-8f93-b31d8490c822"
"Interactive Logon to Server Systems","medium","security","","Detects interactive console logons to Server Systems","7298c707-7564-3229-7c76-ec514847d8c2"
"Potential Pass the Hash Activity","medium","security","","Detects the attack technique pass the hash which is used to move laterally inside the network","35890fd4-9ed3-b244-0eff-91fe61e52f8b"
"Potential Remote WMI ActiveScriptEventConsumers Activity","medium","security","","Detect potential adversaries leveraging WMI ActiveScriptEventConsumers remotely to move laterally in a network.
This event is best correlated and used as an enrichment to determine the potential lateral movement activity.
","910ec16d-6957-01b7-39a8-5e676e459cac"
"Suspicious Remote Logon with Explicit Credentials","medium","security","","Detects suspicious processes logging on with explicit credentials","250cf413-1d30-38fd-4b41-ae5a92452700"
"Hacktool Ruler","high","security","","This events that are generated when using the hacktool Ruler by Sensepost","8b40829b-4556-9bec-a8ad-905688497639"
"Account Tampering - Suspicious Failed Logon Reasons","medium","security","","This method uses uncommon error codes on failed logons to determine suspicious activity and tampering with accounts that have been disabled or somehow restricted.","655eb351-553b-501f-186e-aa9af13ecf43"
"Metasploit SMB Authentication","high","security","","Alerts on Metasploit host's authentications on the domain.","827aa6c1-1507-3f0a-385a-ade5251bfd71"
"Potential Access Token Abuse","medium","security","","Detects potential token impersonation and theft. Example, when using ""DuplicateToken(Ex)"" and ""ImpersonateLoggedOnUser"" with the ""LOGON32_LOGON_NEW_CREDENTIALS flag"".","e8c130a4-cf04-543d-919b-76947bde76b8"
"Scanner PoC for CVE-2019-0708 RDP RCE Vuln","high","security","","Detects the use of a scanner by zerosum0x0 that discovers targets vulnerable to  CVE-2019-0708 RDP RCE aka BlueKeep","232ecd79-c09d-1323-8e7e-14322b766855"
"Outgoing Logon with New Credentials","low","security","","Detects logon events that specify new credentials","897e25ba-f935-3fd3-c6d5-f9abf379e831"
"Successful Account Login Via WMI","low","security","","Detects successful logon attempts performed with WMI","c310cab1-252e-1d98-6b6f-e6e60c88a374"
"Admin User Remote Logon","low","security","","Detect remote login by Administrator user (depending on internal pattern).","de5d0dd7-b73e-7f18-02b0-6b1acb7e9f52"
"RDP Login from Localhost","high","security","","RDP login with localhost source address may be a tunnelled login","b3f33f69-1331-d3d0-eb62-81f477abad86"
"RottenPotato Like Attack Pattern","high","security","","Detects logon events that have characteristics of events generated during an attack with RottenPotato and the like","a1f9fad3-d563-5f3f-de09-e4ca03b97522"
"External Remote SMB Logon from Public IP","high","security","","Detects successful logon from public IP address via SMB. This can indicate a publicly-exposed SMB port.","5c67a566-7829-eb05-4a1f-0eb292ef993f"
"DiagTrackEoP Default Login Username","critical","security","","Detects the default ""UserName"" used by the DiagTrackEoP POC","dd648614-9dd8-fab8-92d6-be7dfa1b393c"
"Failed Logon From Public IP","medium","security","","Detects a failed logon attempt from a public IP. A login from a public IP can indicate a misconfigured firewall or network boundary.","6bcac9cb-eeee-9f45-c5c1-0daaf023ac12"
"Potential Privilege Escalation via Local Kerberos Relay over LDAP","high","security","","Detects a suspicious local successful logon event where the Logon Package is Kerberos, the remote address is set to localhost, and the target user SID is the built-in local Administrator account.
This may indicate an attempt to leverage a Kerberos relay attack variant that can be used to elevate privilege locally from a domain joined limited user to local System privileges.
","96896e3a-28de-da11-c7fd-0040868e3a2f"
"Pass the Hash Activity 2","medium","security","","Detects the attack technique pass the hash which is used to move laterally inside the network","059e7255-411c-1666-a2e5-2e99e294e614"
"External Remote RDP Logon from Public IP","medium","security","","Detects successful logon from public IP address via RDP. This can indicate a publicly-exposed RDP port.","56a1bb6f-e039-3f65-3ea0-de425cefa8a7"
"Successful Overpass the Hash Attempt","high","security","","Detects successful logon with logon type 9 (NewCredentials) which matches the Overpass the Hash behavior of e.g Mimikatz's sekurlsa::pth module.","20f4e87b-c272-42da-9a1f-ad54206e3622"
"Admin Logon","informational","security","","Originally ""Special privileges assigned to new logon"". This will create a seperate LID that is used when special admin-level privileges are used.","fdd0b325-8b89-469c-8b0c-e5ddfe39b62e"
"User with Privileges Logon","low","security","","Detects logon with ""Special groups"" and ""Special Privileges"" can be thought of as Administrator groups or privileges.","b3d10465-f171-0ef7-d28e-8ef2f9409cf1"
"Windows Event Auditing Disabled","low","security","","Detects scenarios where system auditing (i.e.: Windows event log auditing) is disabled.
This may be used in a scenario where an entity would want to bypass local logging to evade detection when Windows event logging is enabled and reviewed.
Also, it is recommended to turn off ""Local Group Policy Object Processing"" via GPO, which will make sure that Active Directory GPOs take precedence over local/edited computer policies via something such as ""gpedit.msc"".
Please note, that disabling ""Local Group Policy Object Processing"" may cause an issue in scenarios of one off specific GPO modifications - however, it is recommended to perform these modifications in Active Directory anyways.
","83d7b3c2-220e-60e8-4aad-98e206e841ba"
"VSSAudit Security Event Source Registration","informational","security","","Detects the registration of the security event source VSSAudit. It would usually trigger when volume shadow copy operations happen.","00f253a0-1035-e450-7f6e-e2291dee27ec"
"Important Windows Event Auditing Disabled","high","security","","Detects scenarios where system auditing for important events such as ""Process Creation"" or ""Logon"" events is disabled.","5fa54162-0bc4-710e-5dec-7ccc99ee4d52"
"A New Trust Was Created To A Domain","medium","security","","Addition of domains is seldom and should be verified for legitimacy.","5a3e5a2f-bdf8-d6d0-f439-5543b54d5ba5"
"Unauthorized System Time Modification","low","security","","Detect scenarios where a potentially unauthorized application or user is modifying the system time.","1085e6d3-6691-5713-42ba-ba8933a6b2d0"
"Code Integrity Error (Invalid Image Hash)","low","security","","Detects when hashes are not correct or a file does not meet Windows' security requirements.","0c871345-668e-4b71-bdad-61e42ecc31e3"
"Code Integrity Error (Invalid Image Page Hash)","low","security","","Detects when hashes are not correct or a file does not meet Windows' security requirements.","d4757f63-cc0e-448e-8b5b-6cb02aeb918a"
"Code Integrity Proble (Possible Modification)","low","security","","Detects when hashes are not correct or a file does not meet Windows' security requirements.","c2eb9d20-ef9d-4b2d-bffe-d0a5d9616f30"
"Failed Code Integrity Checks","informational","security","","Detects code integrity failures such as missing page hashes or corrupted drivers due unauthorized modification. This could be a sign of tampered binaries.
","4f738466-2a14-5842-1eb3-481614770a49"
"Microsoft Defender Blocked from Loading Unsigned DLL","high","security-mitigations","","Detects Code Integrity (CI) engine blocking Microsoft Defender's processes (MpCmdRun and NisSrv) from loading unsigned DLLs which may be an attempt to sideload arbitrary DLL","838d17f1-63ba-03c4-f8ae-2bdfd74a6a08"
"Unsigned Binary Loaded From Suspicious Location","high","security-mitigations","","Detects Code Integrity (CI) engine blocking processes from loading unsigned DLLs residing in suspicious locations","15277aa1-7b5b-9e3b-cca8-52c21a36d06c"
"Microsoft Defender Blocked from Loading Unsigned DLL","high","security-mitigations","","Detects Code Integrity (CI) engine blocking Microsoft Defender's processes (MpCmdRun and NisSrv) from loading unsigned DLLs which may be an attempt to sideload arbitrary DLL","838d17f1-63ba-03c4-f8ae-2bdfd74a6a08"
"Unsigned Binary Loaded From Suspicious Location","high","security-mitigations","","Detects Code Integrity (CI) engine blocking processes from loading unsigned DLLs residing in suspicious locations","15277aa1-7b5b-9e3b-cca8-52c21a36d06c"
"Failed Mounting of Hidden Share","medium","smbclient-security","","Detects repeated failed (outgoing) attempts to mount a hidden share","624e39e1-5bc5-13fe-0b2d-5d988a416f24"
"Suspicious Rejected SMB Guest Logon From IP","medium","smbclient-security","","Detect Attempt PrintNightmare (CVE-2021-1675) Remote code execution in Windows Spooler Service","610c6a10-ca67-69c5-0f6d-761487fb3b37"
"Possible Metasploit Svc Installed","medium","system","","","76355548-fa5a-4310-9610-0de4b11f4688"
"BSOD","medium","system","","Blue Screen Of Death. MS calls these Bug Check Errors.
param1 will contain various error codes for debugging:
example: 0x0000009f (0x0000000000000003, 0xffffe682fdfaf570, 0xfffff800666c4750, 0xffffe6831844f050)
    - 0x0000009f is the Bug Check Code (a.k.a. Stop Code) meaning DRIVER_POWER_STATE_FAILURE
    - 0x0000000000000003 indicates the type of inconsistency. In this case, 0x3 means the system is transitioning from a sleep state (S4 or S5) to an awake state (S0).
    - 0xffffe682fdfaf570 is a pointer to the DEVICE_OBJECT structure representing the device that is being enumerated.
    - 0xfffff800666c4750 is a pointer to the IRP (I/O Request Packet) that was pending for the device object.
    - 0xffffe6831844f050 is a pointer to the NTSTATUS code indicating the cause of the failure.
param2 is the path to a memory dump (ex: C:\WINDOWS\MEMORY.DMP)
param3 is the report ID (ex: cf65ecb3-8a81-4a04-89ae-8d1fff1aecf8)
","082fbbf5-bb05-468c-ad9c-ef2a383bb293"
"Computer Uptime/Timezone","informational","system","","This is an event that shows the computer uptime.This event is important because it also contains the OS timezone information.
","982fdd1f-38fe-4243-bea3-6032fc01b723"
"Service Crashed","low","system","","","d869bf31-92b3-4e21-a447-708f10156e7c"
"Important Log File Cleared","high","system","","Somebody cleared an imporant event log.","f481a1f3-969e-4187-b3a5-b47c272bfebd"
"Service Crashed","low","system","","","f5dc6a6d-fdf1-441a-a10c-aa10e2908aa4"
"Suspicious Service Path","high","system","","Malware will often create services for persistence and use BASE64 encoded strings to execute malicious code or abuse legitimate binaries like cmd.exe, powershell, etc... inside the path to execute. Normally, services will not run built-in binaries, run from user or temp folders or contain encoded data.","dbbfd9f3-9508-478b-887e-03ddb9236909"
"Computer Startup","informational","system","","The computer started up. This event is important because it also contains the OS version information.
%Data[3]% contains the Service Pack name (Ex: Service Pack 1) for Windows 7 systems but can be infered from the build number so is left out.
%Data[4]% contains processor license information (Ex: Multiprocessor Free) but is not so useful so is left out.
%Data[5]% contains the Revision (a.k.a. Update Version) Number in Windows 7 logs.
Windows 10+ seems to always output 0 for this so it is not a reliable source for identifying the Revision Number.
","b27292f1a-18b3-4433-b340-151874a7d4e8"
"Unexpected Shutdown","low","system","","The shutdown operation is initiated automatically by a program that uses the InitiateSystemShutdownEx function with the force flag.","517c0b15-d2bf-48a3-926c-f7b4a96dcec3"
"Svc Installed","informational","system","","A new service was installed. (Possibly malware.)","64c5d39d-10a7-44f4-b5d6-fd0d93d0a69f"
"Event Log Svc Stopped","informational","system","","Shutdown, reboot, event log service stopped, etc...","b6d53116-36b2-4413-a99b-e6708f9c3027"
"Computer Startup","informational","system","","The system has booted up. It also contains information about the OS version even though this information is not present in the event message. You can tell if the system was started up normally or in safe mode depending on the value of the BootMode. 0 for normal boot. 1 for Safe Mode. 2 for Safe Mode with networking.","a225cc36-bfdc-4e7a-ad01-f544b90e2d2a"
"New USB PnP Device","informational","system","","Logs only the first time a device has been plugged in.","f5c0b936-bec8-418a-a79a-89833468fea2"
"New Non-USB PnP Device","informational","system","","Logs only the first time a device has been plugged in.","9eaea7e6-6567-4ad0-bcc9-fe568dd27909"
"Computer Startup In Safe Mode","medium","system","","The system has booted up. It also contains information about the OS version even though this information is not present in the event message. You can tell if the system was started up normally or in safe mode depending on the value of the BootMode. 0 for normal boot. 1 for Safe Mode. 2 for Safe Mode with networking.","8da41a05-364b-4e3c-95d9-397abb82eac4"
"Event Log Service Startup Type Changed To Disabled","medium","system","","","ab3507cf-5231-4af6-ab1d-5d3b3ad467b5"
"Suspicious Service Name","high","system","","Tries to look for random-looking service names that are often used by malware for persistence.","cc429813-21db-4019-b520-2f19648e1ef1"
"Log File Cleared","medium","system","","Somebody cleared an imporant event log.","ed90ed4f-0d93-4f1a-99a2-4b9003b750a7"
"PSExec Lateral Movement","high","system","","PSExec is a MS SysInternals tool often abused for lateral movement.","0694c340-3a46-40ac-acfc-c3444ae6572c"
"Event Log Svc Started","informational","system","","Startup, restarting the event log service, etc...","11dc7d25-01c9-4b07-9d91-8e07b60d8fd3"
"Rare Service Installations","low","system","","Detects rare service installs that only appear a few times per time frame and could reveal password dumpers, backdoor installs or other types of malicious services","e9acc9e9-8b91-7859-2d0c-446a2c40b937"
"Metasploit Or Impacket Service Installation Via SMB PsExec","high","system","","Detects usage of Metasploit SMB PsExec (exploit/windows/smb/psexec) and Impacket psexec.py by triggering on specific service installation","c953a767-8b94-df03-dd53-611baad380fd"
"Malicious Service Installations","critical","system","","Detects known malicious service installs that only appear in cases of lateral movement, credential dumping, and other suspicious activities.","a5f841a8-5dcb-5ee4-73ea-5331859bf763"
"New Service Uses Double Ampersand in Path","high","system","","Detects a service installation that uses a suspicious double ampersand used in the image path value","22b90bac-a283-6153-761c-7b6059f8f250"
"SAM Dump to AppData","high","system","","Detects suspicious SAM dump activity as cause by QuarksPwDump and other password dumpers","f224a2b6-2db1-a1a2-42d4-25df0c460915"
"NTFS Vulnerability Exploitation","high","system","","This the exploitation of a NTFS vulnerability as reported without many details via Twitter","73b6342c-c17a-d447-2fd3-119ed3cf61ca"
"Certificate Use With No Strong Mapping","medium","system","","Detects a user certificate that was valid but could not be mapped to a user in a strong way (such as via explicit mapping, key trust mapping, or a SID)
This could be a sign of exploitation of the elevation of privilege vulnerabilities (CVE-2022-34691, CVE-2022-26931, CVE-2022-26923) that can occur when the KDC allows certificate spoofing by not requiring a strong mapping.
Events where the AccountName and CN of the Subject do not match, or where the CN ends in a dollar sign indicating a machine, may indicate certificate spoofing.
","470e08fc-0b52-8769-10d3-5b5c1920327e"
"No Suitable Encryption Key Found For Generating Kerberos Ticket","low","system","","Detects errors when a target server doesn't have suitable keys for generating kerberos tickets.
This issue can occur for example when a service uses a user account or a computer account that is configured for only DES encryption on a computer that is running Windows 7 which has DES encryption for Kerberos authentication disabled.
","e10c99fe-7559-5ae3-9c5c-9fd0a70bd4a6"
"KDC RC4-HMAC Downgrade CVE-2022-37966","high","system","","Detects the exploitation of a security bypass and elevation of privilege vulnerability with Authentication Negotiation by using weak RC4-HMAC negotiation","87515290-bf9f-09a4-af0e-bac22cb017f6"
"Local Privilege Escalation Indicator TabTip","high","system","","Detects the invocation of TabTip via CLSID as seen when JuicyPotatoNG is used on a system in brute force mode","cd12f5c0-9798-3928-58bf-34b2816ea898"
"Sysmon Application Crashed","high","system","","Detects application popup reporting a failure of the Sysmon service","e064a7a6-e709-1464-34e4-626106c91d98"
"Volume Shadow Copy Mount","low","system","","Detects volume shadow copy mount via Windows event log","15b42b84-becb-a48c-8971-28895065fbd3"
"Active Directory Certificate Services Denied Certificate Enrollment Request","low","system","","Detects denied requests by Active Directory Certificate Services.
Example of these requests denial include issues with permissions on the certificate template or invalid signatures.
","817138f1-cfd3-c653-7392-a3c61051a8d3"
"Critical Hive In Suspicious Location Access Bits Cleared","high","system","","Detects events from the Kernel-General ETW indicating that the access bits of a hive with a system like hive name located in the temp directory have been reset.
This occurs when an application tries to access a hive and the hive has not be recognized since the last 7 days (by default).
Registry hive dumping utilities such as QuarksPwDump were seen emitting this behavior.
","625954f8-9cc1-bc90-d5bd-4d1d82849d37"
"DHCP Server Loaded the CallOut DLL","high","system","","This rule detects a DHCP server in which a specified Callout DLL (in registry) was loaded","87ade82b-7e03-f378-c163-59adb06640ae"
"DHCP Server Error Failed Loading the CallOut DLL","high","system","","This rule detects a DHCP server error in which a specified Callout DLL (in registry) could not be loaded","a6878a7f-9fcd-9b29-ba67-ca05b11dc4aa"
"Zerologon Exploitation Using Well-known Tools","critical","system","","This rule is designed to detect attempts to exploit Zerologon (CVE-2020-1472) vulnerability using mimikatz zerologon module or other exploits from machine with ""kali"" hostname.","4d943318-24e9-7318-6951-fdf8cb235652"
"Vulnerable Netlogon Secure Channel Connection Allowed","high","system","","Detects that a vulnerable Netlogon secure channel connection was allowed, which could be an indicator of CVE-2020-1472.","a82f6b3b-324f-7234-9092-289117234d31"
"Invoke-Obfuscation Obfuscated IEX Invocation - System","high","system","","Detects all variations of obfuscated powershell IEX invocation code generated by Invoke-Obfuscation framework from the code block linked in the references","af2b45c1-ed61-0866-791a-13ae39ff80c3"
"PAExec Service Installation","medium","system","","Detects PAExec service installation","19b4e2a1-4499-8c65-e93a-5f675df202d8"
"Credential Dumping Tools Service Execution - System","high","system","","Detects well-known credential dumping tools execution via service execution events","81562732-3278-cd48-1db2-581bc7158b6e"
"Service Installed By Unusual Client - System","high","system","","Detects a service installed by a client which has PID 0 or whose parent has PID 0","97b97d4d-e03c-ace5-3215-fa2f51ec5fd5"
"RemCom Service Installation","medium","system","","Detects RemCom service installation and execution events","1ae1cb63-2c82-d95d-a200-533f229715b2"
"New PDQDeploy Service - Client Side","medium","system","","Detects PDQDeploy service installation on the target system.
When a package is deployed via PDQDeploy it installs a remote service on the target machine with the name ""PDQDeployRunner-X"" where ""X"" is an integer starting from 1
","c5b232f5-bd0a-c0ea-585f-c54fbe370580"
"CobaltStrike Service Installations - System","critical","system","","Detects known malicious service installs that appear in cases in which a Cobalt Strike beacon elevates privileges or lateral movement","51ba8477-86a4-6ff0-35fa-7b7f1b1e3f83"
"Suspicious Service Installation Script","high","system","","Detects suspicious service installation scripts","778c7f2b-32f5-e591-5c4a-01e47388475c"
"Uncommon Service Installation Image Path","medium","system","","Detects uncommon service installation commands by looking at suspicious or uncommon image path values containing references to encoded powershell commands, temporary paths, etc.
","4de4ea24-8c0c-75ed-78c3-bf620ec06fd5"
"PsExec Service Installation","medium","system","","Detects PsExec service installation and execution events","cb7a40d5-f1de-9dd4-465d-eada7e316d8f"
"CSExec Service Installation","medium","system","","Detects CSExec service installation and execution events","efef064b-d350-a96b-fe1e-ef4cfe657066"
"Windows Service Terminated With Error","low","system","","Detects Windows services that got terminated for whatever reason","c002ec31-f147-d591-b2f2-253774fd4248"
"Service Installation in Suspicious Folder","medium","system","","Detects service installation in suspicious folder appdata","60ddd708-71a3-e524-27b1-4cdeda02ce46"
"Remote Utilities Host Service Install","medium","system","","Detects Remote Utilities Host service installation on the target system.","97bd461f-b35e-a243-c697-06cc0539d7e3"
"ProcessHacker Privilege Elevation","high","system","","Detects a ProcessHacker tool that elevated privileges to a very high level","9e870183-fbbc-e736-c380-d20bd74d7dbe"
"Invoke-Obfuscation Via Use Clip - System","high","system","","Detects Obfuscated Powershell via use Clip.exe in Scripts","e92121bb-a1c1-5d5a-6abb-3a25fe37fb41"
"Invoke-Obfuscation RUNDLL LAUNCHER - System","medium","system","","Detects Obfuscated Powershell via RUNDLL LAUNCHER","686d9481-474f-2b85-7c51-e69967c1afcc"
"Invoke-Obfuscation VAR+ Launcher - System","high","system","","Detects Obfuscated use of Environment Variables to execute PowerShell","19adbb05-25d8-44fe-3721-1590be735426"
"Invoke-Obfuscation COMPRESS OBFUSCATION - System","medium","system","","Detects Obfuscated Powershell via COMPRESS OBFUSCATION","6623b0c3-f904-2d2e-9c24-4cbb81bf55aa"
"HackTool Service Registration or Execution","high","system","","Detects installation or execution of services","fde28f27-a4fa-d3a4-a714-0ef2dfacb36c"
"RTCore Suspicious Service Installation","high","system","","Detects the installation of RTCore service. Which could be an indication of Micro-Star MSI Afterburner vulnerable driver abuse","6218888e-3b1f-f6be-b9f8-9fd758caa380"
"Invoke-Obfuscation Via Use Rundll32 - System","high","system","","Detects Obfuscated Powershell via use Rundll32 in Scripts","f1988b01-7f12-1851-58b5-8a4d63743183"
"Important Windows Service Terminated Unexpectedly","high","system","","Detects important or interesting Windows services that got terminated unexpectedly.","d3c329c7-54bd-4896-cc7d-e04077eba081"
"New PDQDeploy Service - Server Side","medium","system","","Detects a PDQDeploy service installation which indicates that PDQDeploy was installed on the machines.
PDQDeploy can be abused by attackers to remotely install packages or execute commands on target machines
","8682ea60-89d6-e616-7cdd-410a05ed1611"
"Invoke-Obfuscation CLIP+ Launcher - System","high","system","","Detects Obfuscated use of Clip.exe to execute PowerShell","414e0fbd-67a8-17e4-371e-4f9f6a8799d0"
"Anydesk Remote Access Software Service Installation","medium","system","","Detects the installation of the anydesk software service. Which could be an indication of anydesk abuse if you the software isn't already used.","87d5cdc0-24c5-8411-1230-d717dd6a47e8"
"Remote Access Tool Services Have Been Installed - System","medium","system","","Detects service installation of different remote access tools software. These software are often abused by threat actors to perform","cd1c0081-d0c8-369f-2ed1-dcc058b08b9c"
"Sliver C2 Default Service Installation","high","system","","Detects known malicious service installation that appear in cases in which a Sliver implants execute the PsExec commands","e38955da-ce8e-7137-94e5-7890c0bab131"
"Windows Defender Threat Detection Service Disabled","medium","system","","Detects when the ""Windows Defender Threat Protection"" service is disabled.","07c5c883-1da4-d066-f69b-6caadbd1d6f9"
"Important Windows Service Terminated With Error","high","system","","Detects important or interesting Windows services that got terminated for whatever reason","bf2272c8-bc92-d925-4fb6-aeb1fe9283aa"
"PowerShell Scripts Installed as Services","high","system","","Detects powershell script installed as a Service","be1b026a-db82-4f10-0739-68c60f1261c9"
"Suspicious Service Installation","high","system","","Detects suspicious service installation commands","ebfad3e2-5025-b233-20ef-71fc2ada8fe7"
"Moriya Rootkit - System","critical","system","","Detects the use of Moriya rootkit as described in the securelist's Operation TunnelSnake report","7ca6e518-decb-de46-861e-5673c026b257"
"Invoke-Obfuscation STDIN+ Launcher - System","high","system","","Detects Obfuscated use of stdin to execute PowerShell","9d5e9ea9-180b-0d92-6e5a-645275e94267"
"TacticalRMM Service Installation","medium","system","","Detects a TacticalRMM service installation. Tactical RMM is a remote monitoring & management tool.","a36af175-0d96-acc8-c2f7-f5bb57c974fe"
"Meterpreter or Cobalt Strike Getsystem Service Installation - System","high","system","","Detects the use of getsystem Meterpreter/Cobalt Strike command by detecting a specific service installation","4639745f-a91a-d296-8935-4c694a97f938"
"Invoke-Obfuscation VAR++ LAUNCHER OBFUSCATION - System","high","system","","Detects Obfuscated Powershell via VAR++ LAUNCHER","f5581097-47d5-fd2b-1a94-37dd36318706"
"Invoke-Obfuscation Via Stdin - System","high","system","","Detects Obfuscated Powershell via Stdin in Scripts","8aef41c8-fc2b-f490-5a9b-a683fe107829"
"NetSupport Manager Service Install","medium","system","","Detects NetSupport Manager service installation on the target system.","ee415dc3-b7c0-9568-e6dd-878777ff237a"
"Mesh Agent Service Installation","medium","system","","Detects a Mesh Agent service installation. Mesh Agent is used to remotely manage computers","cd204548-409b-e025-4fde-4a8fb1fe5332"
"Service Installation with Suspicious Folder Pattern","high","system","","Detects service installation with suspicious folder patterns","1702910b-83b9-ce95-4ae8-2405c2e9faf7"
"smbexec.py Service Installation","high","system","","Detects the use of smbexec.py tool by detecting a specific service installation","384155f0-8906-ff64-5188-211c9a98274e"
"KrbRelayUp Service Installation","high","system","","Detects service creation from KrbRelayUp tool used for privilege escalation in Windows domain environments where LDAP signing is not enforced (the default settings)","8623dcbf-e828-afb3-eb29-42cade82b39a"
"Invoke-Obfuscation Via Use MSHTA - System","high","system","","Detects Obfuscated Powershell via use MSHTA in Scripts","e0aa759a-fa97-fb3b-1b02-82aa44f8c068"
"Tap Driver Installation","medium","system","","Well-known TAP software installation. Possible preparation for data exfiltration using tunnelling techniques","6cda0359-f921-911b-a724-cc2f00d661f8"
"Important Windows Eventlog Cleared","high","system","","Detects the clearing of one of the Windows Core Eventlogs. e.g. caused by ""wevtutil cl"" command execution","30966a3a-2224-0e1a-d28d-c0f7e84cfed3"
"Eventlog Cleared","medium","system","","One of the Windows Eventlogs has been cleared. e.g. caused by ""wevtutil cl"" command execution","8617b59c-812e-c88e-0bd4-5267e0e825f0"
"Potential CVE-2021-42287 Exploitation Attempt","medium","system","","The attacker creates a computer object using those permissions with a password known to her.
After that she clears the attribute ServicePrincipalName on the computer object.
Because she created the object (CREATOR OWNER), she gets granted additional permissions and can do many changes to the object.
","7ef3c84f-fc5f-e0e6-b94d-07dbb0c946eb"
"Potential RDP Exploit CVE-2019-0708","medium","system","","Detect suspicious error on protocol RDP, potential CVE-2019-0708","19979e7a-7d1e-a8e3-2a9e-9b3ac0059fa7"
"NTLMv1 Logon Between Client and Server","medium","system","","Detects the reporting of NTLMv1 being used between a client and server. NTLMv1 is insecure as the underlying encryption algorithms can be brute-forced by modern hardware.","cb063566-b04b-c7e4-316b-c69075ed08f5"
"Windows Update Error","informational","system","","Detects Windows update errors including installation failures and connection issues. Defenders should observe this in case critical update KBs aren't installed.
","8f9f7490-f99e-ff64-4b60-ac3f06a2262b"
"OilRig APT Schedule Task Persistence - System","critical","system","","Detects OilRig schedule task persistence as reported by Nyotron in their March 2018 report","afa88090-3c0b-17fc-7061-2259abc82d2b"
"StoneDrill Service Install","high","system","","This method detects a service install of the malicious Microsoft Network Realtime Inspection Service service described in StoneDrill report by Kaspersky","c1362f8e-594e-72a7-d9a9-6fe6c74334ef"
"Turla Service Install","high","system","","This method detects a service install of malicious services mentioned in Carbon Paper - Turla report by ESET","665e3be1-3ec1-2e79-bd0f-dca344762794"
"Turla PNG Dropper Service","critical","system","","This method detects malicious services mentioned in Turla PNG dropper report by NCC Group in November 2018","75a0da35-0e7f-e313-f974-d812b44295a4"
"COLDSTEEL Persistence Service Creation","high","system","","Detects the creation of new services potentially related to COLDSTEEL RAT","d8f1ace1-c01b-3f95-34ed-993d29f876f5"
"SNAKE Malware Service Persistence","critical","system","","Detects the creation of a service named ""WerFaultSvc"" which seems to be used by the SNAKE malware as a persistence mechanism as described by CISA in their report","abdb2e55-7d24-7f3d-6091-2b42abca2e67"
"Goofy Guineapig Backdoor Service Creation","critical","system","","Detects service creation persistence used by the Goofy Guineapig backdoor","0375abd6-f86e-a665-27a0-501b2a1621a8"
"Potential CVE-2021-42278 Exploitation Attempt","medium","system","","The attacker creates a computer object using those permissions with a password known to her.
After that she clears the attribute ServicePrincipalName on the computer object.
Because she created the object (CREATOR OWNER), she gets granted additional permissions and can do many changes to the object.
","8a194220-2afd-d5a9-0644-0a2d76019999"
"Task Deleted","informational","taskscheduler","","","ff6ada24-c7f0-4ae5-a7a6-f20ddb7b591f"
"Task Updated","informational","taskscheduler","","","aba04101-e439-4e2f-b051-4be561993c31"
"Task Executed","informational","taskscheduler","","","d1923809-955b-47c4-b3e5-37c0e461919c"
"Task Created","informational","taskscheduler","","","33599dfb-f3e4-4298-8d3f-59407f65f4e7"
"Rare Scheduled Task Creations","low","taskscheduler","","This rule detects rare scheduled task creations. Typically software gets installed on multiple systems and not only on a few. The aggregation and count function selects tasks with rare names.","696cf23d-d3f2-0a4d-6aff-b162d692a778"
"Important Scheduled Task Deleted","high","taskscheduler","","Detects when adversaries try to stop system services or processes by deleting their respective scheduled tasks in order to conduct data destructive activities
","0c0e2be2-30d2-c713-0c9c-63cd9752a940"
"Scheduled Task Executed From A Suspicious Location","medium","taskscheduler","","Detects the execution of Scheduled Tasks where the Program being run is located in a suspicious location or it's an unusale program to be run from a Scheduled Task","c1fd9ca2-a3f8-1adc-0f1d-1d6099f5d827"
"Scheduled Task Executed Uncommon LOLBIN","medium","taskscheduler","","Detects the execution of Scheduled Tasks where the program being run is located in a suspicious location or where it is an unusual program to be run from a Scheduled Task","d5a3d13e-7db3-bcf5-824a-789488ab40fd"
"Scheduled Tasks Names Used By SVR For GraphicalProton Backdoor - Task Scheduler","high","taskscheduler","","Hunts for known SVR-specific scheduled task names","51850e92-9de2-230e-98f6-5775d63df091"
"RDP Logoff","informational","terminalservices-localsessionmanager","","Event 23 is created when a local session logs off. That happens after a user successfully logs off a local or remote interactive logon session. Not just a disconnect.","e14a729f-f4f8-427b-a238-dfbde9c1614b"
"RDP Logon","informational","terminalservices-localsessionmanager","","This event is created when a new local session is created for either a local or remote interactive login when a user successfully authenticates and there is no existing local session.
This event will be created when a user logs on for the first time or after a logout but not after just a disconnect because the session will still exist.
In that case, a reconnect event will be created.
The Local Session Manager is responsible for creating or finding existing local sessions to support interactive logins.
Note that local sessions are different from logon sessions.
Local sessions represent the logon sessions, desktop layout, processes, etc. associated with an interactive logon. 
SrcIP will be an IP address if it is a remote session and ""LOCAL"" if it is a local session.
This event gives the same information in Remote Connection Manager 1149, Local Session Manager 22 and Security 4648.
","b107551c-409d-44b8-bb0d-3b007c269881"
"RDP Sess Start (Noisy)","informational","terminalservices-localsessionmanager","","This event is created when a new local session is created for either a local or remote interactive login.
Original event message: Shell start notification received
The Local Session Manager is responsible for creating or finding existing local sessions to support interactive logins.
Note that local sessions are different from logon sessions.
Local sessions represent the logon sessions, desktop layout, processes, etc. associated with an interactive logon. 
Event 22 is created when a new local session needs to be created.
That happens after a user successfully authenticates for a local or remote interactive logon session and the user does not already have an existing local session.
This event follows a Local Session Manager 21 event.
This event gives the same information in Remote Connection Manager 1149, Local Session Manager 21 and Security 4648.
","320e2cb0-a56a-476f-a299-79dc45644fee"
"RDP Disconnect","informational","terminalservices-localsessionmanager","","Event 24 is created when a local session disconnects. That happens after a user successfully logs off or disconnects a local or remote interactive logon session.
This event immediately follows a EID 23 RDP Logoff event.
This event has the same information as EID 23 and Security EID 4634.
","3fc6234f-93a5-4d48-b618-30e2c69c0a86"
"RDP Reconnect","informational","terminalservices-localsessionmanager","","","8fe4a60b-2af3-43d6-95e2-8f13caccc179"
"Ngrok Usage with Remote Desktop Service","high","terminalservices-localsessionmanager","","Detects cases in which ngrok, a reverse proxy tool, forwards events to the local RDP port, which could be a sign of malicious behaviour","cfba8e23-d224-ff3b-7cb7-dbc6085172a0"
"WMI Filter To Consumer Binding_Command Execution","medium","wmi","","Detects when powershell or cmd is used in WMI. (For persistence, lateral movement, etc...)","ab4852ca-3e27-4dbb-af6b-5f8458d5717a"
"Permanent WMI Event Consumer","informational","wmi","","Created when a EventFilterToConsumerBinding event happens.","ac9f0a2a-e9c5-4d19-b69e-e3d518ca6797"
"Temporary WMI Event Consumer","informational","wmi","","","d96164c4-9e15-4d48-964f-153ac0dab6e9"
"WMI Provider Started","informational","wmi","","The time wmiprvse was executed and path to the provider DLL. Attackers may sometimes install malicious WMI provider DLLs.","547aec97-2635-474a-a36c-7a3a46b07fde"
"Suspicious Encoded Scripts in a WMI Consumer","high","","wmi_event","Detects suspicious encoded payloads in WMI Event Consumers","f4e538d8-94a9-8ecc-779e-e03aa85aedb4"
"Suspicious Scripting in a WMI Consumer","high","","wmi_event","Detects suspicious commands that are related to scripting/powershell in WMI Event Consumers","93786e05-1808-f3b1-9841-7fee02fd7247"
"WMI Persistence","medium","wmi","","Detects suspicious WMI event filter and command line event consumer based on WMI and Security Logs.","efac5da1-1be2-d8d6-863e-d61125c1cbbd"
"Defender Alert (Moderate)","medium","windefend","","Windows defender malware detection","3f5005fc-e354-4b0b-b1a1-3eec1d336023"
"Defender Alert (Severe)","critical","windefend","","Windows defender malware detection","810bfd3a-9fb3-44e0-9016-8cdf785fddbf"
"Defender Alert (Low)","low","windefend","","Windows defender malware detection","61056ed8-7be5-46e4-9015-c5f6bc8b93a1"
"Defender Alert (High)","high","windefend","","Windows defender malware detection","1e11c0f0-aecd-45d8-9229-da679c0265ea"
"Windows Defender Configuration Changes","high","windefend","","Detects suspicious changes to the Windows Defender configuration","36d5c11e-504a-a3a6-2704-4d6f5f35be41"
"Windows Defender Malware Detection History Deletion","informational","windefend","","Windows Defender logs when the history of detected infections is deleted.","e9310b5d-113f-86dc-a3e0-3ed5cefa6088"
"Win Defender Restored Quarantine File","high","windefend","","Detects the restoration of files from the defender quarantine","77f49adb-372a-8c7c-0bee-7e361b09b30e"
"Windows Defender Threat Detected","high","windefend","","Detects actions taken by Windows Defender malware detection engines","c70d7033-8146-fe73-8430-90b23c296f9d"
"LSASS Access Detected via Attack Surface Reduction","high","windefend","","Detects Access to LSASS Process","db45bac6-e4cf-df15-bb73-abdc2bb5b466"
"Windows Defender Submit Sample Feature Disabled","low","windefend","","Detects disabling of the ""Automatic Sample Submission"" feature of Windows Defender.","f8be1673-da49-5b78-517b-16094864fab7"
"Windows Defender Malware And PUA Scanning Disabled","high","windefend","","Detects disabling of the Windows Defender feature of scanning for malware and other potentially unwanted software","ac622fde-5d5a-e064-bfd2-55cbb5f1eacb"
"Windows Defender Exploit Guard Tamper","high","windefend","","Detects when someone is adding or removing applications or folders from exploit guard ""ProtectedFolders"" or ""AllowedApplications""
","2b57cd91-079d-5f13-07f4-82d7435acd38"
"Windows Defender Real-time Protection Disabled","high","windefend","","Detects disabling of Windows Defender Real-time Protection. As this event doesn't contain a lot of information on who initiated this action you might want to reduce it to a ""medium"" level if this occurs too many times in your environment
","e6c2628d-e4dc-0b32-e087-1c205385af72"
"Windows Defender Real-Time Protection Failure/Restart","medium","windefend","","Detects issues with Windows Defender Real-Time Protection features","73176728-033d-ef77-a174-554a0bf61f94"
"PSExec and WMI Process Creations Block","high","windefend","","Detects blocking of process creations originating from PSExec and WMI commands","c73d596d-c719-ab68-1753-6aa80ff340d7"
"Microsoft Defender Tamper Protection Trigger","high","windefend","","Detects blocked attempts to change any of Defender's settings such as ""Real Time Monitoring"" and ""Behavior Monitoring""","f0a75367-1237-98a3-79c3-c4e7e4f5bacc"
"Windows Defender Exclusions Added","medium","windefend","","Detects the Setting of Windows Defender Exclusions","13020ca6-8f32-26e1-25d6-1f727e58de89"
"Windows Defender Grace Period Expired","high","windefend","","Detects the expiration of the grace period of Windows Defender. This means protection against viruses, spyware, and other potentially unwanted software is disabled.
","5a62f5a9-71eb-a0e2-496d-e062350225df"
"Windows Defender AMSI Trigger Detected","high","windefend","","Detects triggering of AMSI by Windows Defender.","4947e388-9eb4-8e77-4de7-17accc04246e"
"Windows Defender Virus Scanning Feature Disabled","high","windefend","","Detects disabling of the Windows Defender virus scanning feature","a325b024-9641-6ee4-56c1-20eb9fc4324a"
"Windows Defender Threat Detection Disabled","high","windefend","","Detects disabling Windows Defender threat protection","7424bd72-6b38-f5a1-7f25-4665452ec72b"
"Antivirus Password Dumper Detection","critical","windefend","antivirus","Detects a highly relevant Antivirus alert that reports a password dumper.
This event must not be ignored just because the AV has blocked the malware but investigate, how it came there in the first place.
","46fc2e9f-df4e-8628-05d5-39bc97b56bab"
"Antivirus Relevant File Paths Alerts","high","windefend","antivirus","Detects an Antivirus alert in a highly relevant file path or with a relevant file name.
This event must not be ignored just because the AV has blocked the malware but investigate, how it came there in the first place.
","a1be9170-2ada-e8bb-285c-3e1ff336189e"
"Antivirus Hacktool Detection","high","windefend","antivirus","Detects a highly relevant Antivirus alert that reports a hack tool or other attack tool.
This event must not be ignored just because the AV has blocked the malware but investigate, how it came there in the first place.
","f3d20838-65fe-0575-52a9-fd41ce2a5fdd"
"Antivirus Web Shell Detection","high","windefend","antivirus","Detects a highly relevant Antivirus alert that reports a web shell.
It's highly recommended to tune this rule to the specific strings used by your anti virus solution by downloading a big WebShell repository from e.g. github and checking the matches.
This event must not be ignored just because the AV has blocked the malware but investigate, how it came there in the first place.
","207b56b3-b44d-dcee-c171-c8f3f4eb3cf6"
"Antivirus Exploitation Framework Detection","critical","windefend","antivirus","Detects a highly relevant Antivirus alert that reports an exploitation framework.
This event must not be ignored just because the AV has blocked the malware but investigate, how it came there in the first place.
","1868a1c5-30e8-dffd-a373-90c72ea4921a"
"Antivirus Ransomware Detection","critical","windefend","antivirus","Detects a highly relevant Antivirus alert that reports ransomware.
This event must not be ignored just because the AV has blocked the malware but investigate, how it came there in the first place.
","22f82564-4b51-e901-bf00-ea94ff39b468"
"Antivirus PrinterNightmare CVE-2021-34527 Exploit Detection","critical","windefend","antivirus","Detects the suspicious file that is created from PoC code against Windows Print Spooler Remote Code Execution Vulnerability CVE-2021-34527 (PrinterNightmare), CVE-2021-1675 .","aef0711e-c055-e870-92bc-ea130059eed1"
